Scheme,Profile,Avg RTT,95th RTT
vivace,A,56.162166666666664,95.8705
bbr,A,57.91133333333333,94.4135
cubic,A,62.97483333333333,97.7895
vivace,B,64.49633333333334,95.4705
bbr,B,61.14133333333333,96.27
cubic,B,65.33900000000001,95.0295
