Scheme,Profile,Avg RTT,95th RTT
vivace,A,64.1895,96.621
bbr,A,61.91516666666667,97.279
cubic,A,58.829000000000015,91.363
vivace,B,60.27433333333334,97.7645
bbr,B,59.14866666666667,98.0265
cubic,B,61.671166666666664,95.25049999999999
